{"params": {"kernel": "Linear", "learning_rate": 0.027666287073849157}, "evaluation": {"accuracy": 0.8489655172413795, "accuracy STD": 0.044386869829243496, "ROC AUC": 0.9135609485114129, "ROC AUC STD": 0.03454262143979745}}