{"kernel": "rbf", "length_scale": 19.928894074848266, "nu": 0.6166625173920611, "n_restarts_optimizer": 1}