{"kernel": "rbf", "length_scale": 8.126547684464871, "nu": 0.0500533361605098, "n_restarts_optimizer": 6}